COURSE,CLIENT,URL,Extension,ID,REDIRECT URL,ADOBE URL OR RECORDING LINK
Providing Hands-on EHR experience for Students,Abel Medical,abel.rallypointwebinars.com,/course/webinar.php?id=,821,rpw.adobeconnect.com/,abel-5-2012r
Agentek Virtual User Conference - Q4 2011,Agentek,agentek.rallypointwebinars.com,/course/webinar.php?id=,216,rpw.adobeconnect.com/,agentek-q4-2011r/
Agentek Virtual User Conference - Q1 2012,Agentek,agentek.rallypointwebinars.com,/course/webinar.php?id=,257,rpw.adobeconnect.com/,agentek-q1-2012r
Agentek Virtual User Conference - Q2 2012,Agentek,agentek.rallypointwebinars.com,/course/webinar.php?id=,591,rpw.adobeconnect.com/,agentek-q2-2012r/
Agentek: The Momentum Continues ,Agentek,agentek.rallypointwebinars.com,/course/webinar.php?id=,1431,rpw.adobeconnect.com/,agentek-q4-2012r
Agentek: Important Customer Briefing,Agentek,agentek.rallypointwebinars.com,/course/webinar.php?id=,1962,rpw.adobeconnect.com/,agentek-q2-2013r
Agentek: Important Customer Briefing Q4 2013,Agentek,agentek.rallypointwebinars.com,/course/webinar.php?id=,2532,rpw.adobeconnect.com/,agentekq42013
Alterpoint Virtual User Conference - Q3 2011,Alterpoint,alterpoint.rallypointwebinars.com,/course/webinar.php?id=,198,rpw.adobeconnect.com/,p50tbx06cxd
Alterpoint Virtual User Conference - Q4 2011,Alterpoint,alterpoint.rallypointwebinars.com,/course/webinar.php?id=,240,rpw.adobeconnect.com/,alterpoint-q4-2011r/
Alterpoint Virtual User Conference - Q1 2012,Alterpoint,alterpoint.rallypointwebinars.com,/course/webinar.php?id=,411,rpw.adobeconnect.com/,alterpoint-q1-2012r/
Alterpoint Virtual User Conference - Q2 2012,Alterpoint,alterpoint.rallypointwebinars.com,/course/webinar.php?id=,981,rpw.adobeconnect.com/,alterpoint-q2-2012r/
AlterPoint: Version 8 Is Here!,Alterpoint,alterpoint.rallypointwebinars.com,/course/webinar.php?id=,1211,rpw.adobeconnect.com/,alterpoint-q3-2012r
AlterPoint Virtual User Conference Q4 2012,Alterpoint,alterpoint.rallypointwebinars.com,/course/webinar.php?id=,1562,rpw.adobeconnect.com/,alterpoint-q4-2012rec
AlterPoint: Version 8.3 Standard is Here!,Alterpoint,alterpoint.rallypointwebinars.com,/course/webinar.php?id=,1562,rpw.adobeconnect.com/,alterpoint-q4-2012r
AlterPoint: Happy Anniversary!,Alterpoint,alterpoint.rallypointwebinars.com,/course/webinar.php?id=,1822,rpw.adobeconnect.com/,alterpoint-q1-2013r
AlterPoint: Checking In at Mid-year,Alterpoint,alterpoint.rallypointwebinars.com,/course/webinar.php?id=,2122,rpw.adobeconnect.com/,alterpoint-q2-2013r
AlterPoint: Important Customer Briefing,Alterpoint,alterpoint.rallypointwebinars.com,/course/webinar.php?id=,2512,rpw.adobeconnect.com/,alterpoint2013q4
AppDev 2012 Virtual User Conference,App Dev,appdev.rallypointwebinars.com,/course/webinar.php?id=,971,rpw.adobeconnect.com/,appdev-q2-2012r/
Learning Ecosystem,Aptara,aptara.rallypointwebinars.com,/course/webinar.php?id=,2867,rpw.adobeconnect.com/,aptara-07-29-15/
Learning Ecosystems: A Holistic Approach,Aptara,aptara.rallypointwebinars.com,/course/webinar.php?id=,2867,rpw.adobeconnect.com/,aptara07292015/
Top 5 Innovative Industry Trends and Aptara’s Solutions,Aptara,aptara.rallypointwebinars.com,/course/webinar.php?id=,2874,rpw.adobeconnect.com/,aptara-09-2015/
Top 5 Industry Trends and Aptara’s Solutions,Aptara,aptara.rallypointwebinars.com,/course/webinar.php?id=,2874,rpw.adobeconnect.com/,aptara10202015/
Artemis Paris Event,Artemis,artemis.rallypointwebinars.com,/course/webinar.php?id=,179,rpw.adobeconnect.com/,artemis611
A9000 EX Demo,Artemis,artemis.rallypointwebinars.com,/course/webinar.php?id=,187,rpw.adobeconnect.com/,a9000exv4
Artemis Finland Virtual User Conference - Q4 2011,Artemis,artemis.rallypointwebinars.com,/course/webinar.php?id=,235,rpw.adobeconnect.com/,artemisfin-q4-2011r/
Artemis 9000/EX Virtual User Conference,Artemis,artemis.rallypointwebinars.com,/course/webinar.php?id=,601,rpw.adobeconnect.com/,a9000-q2-2012r/
Accept Customer Briefing Webinar,Artemis,artemis.rallypointwebinars.com,/course/webinar.php?id=,1411,rpw.adobeconnect.com/,aa-q4-2012r
Fall 2012 Artemis Virtual User Conference,Artemis,artemis.rallypointwebinars.com,/course/webinar.php?id=,1421,rpw.adobeconnect.com/,artemis-q4-2012r
Artemis 9000 December 2012 Virtual User Conference,Artemis,artemis.rallypointwebinars.com,/course/webinar.php?id=,1442,rpw.adobeconnect.com/,a9000-q4-2012rb
Views Virtual User Conference Fall 2012,Artemis,artemis.rallypointwebinars.com,/course/webinar.php?id=,1462,rpw.adobeconnect.com/,views-q4-2012rb
Artemis Finland: Building Momentum - Q4 2012,Artemis,artemis.rallypointwebinars.com,/course/webinar.php?id=,1472,rpw.adobeconnect.com/,artemisfin-q4-2012rb
Artemis 7 November 2012,Artemis,artemis.rallypointwebinars.com,/course/webinar.php?id=,1482,rpw.adobeconnect.com/,a7-q4-2012r
A360 Q4 2012,Artemis,artemis.rallypointwebinars.com,/course/webinar.php?id=,1512,rpw.adobeconnect.com/,artemis360-q4-2012r
Accept360 2013 Roadmap Virtual User Conference,Artemis,artemis.rallypointwebinars.com,/course/webinar.php?id=,1672,rpw.adobeconnect.com/,accept-jan-2013r
Artemis VUC Q2 2013,Artemis,artemis.rallypointwebinars.com,/course/webinar.php?id=,2002,rpw.adobeconnect.com/,artemis-q2-2013r
Spring 2013 Accept Virtual User Conference,Artemis,artemis.rallypointwebinars.com,/course/webinar.php?id=,2022,rpw.adobeconnect.com/,accept-may-2013r
See What's New for Artemis 7 2013,Artemis,artemis.rallypointwebinars.com,/course/webinar.php?id=,2052,rpw.adobeconnect.com/,artemis620r
See What's New for Views 2013,Artemis,artemis.rallypointwebinars.com,/course/webinar.php?id=,2062,rpw.adobeconnect.com/,views626r
See What's New for Artemis 9000/EX 2013,Artemis,artemis.rallypointwebinars.com,/course/webinar.php?id=,2072,rpw.adobeconnect.com/,artemis627r
2014: A New Generation of Artemis Products,Artemis,artemis.rallypointwebinars.com,/course/webinar.php?id=,2767,rpw.adobeconnect.com/,artemis130
Artemis/Accept Virtual User Conference,Artemis,artemis.rallypointwebinars.com,/course/webinar.php?id=,2767,rpw.adobeconnect.com/,artemisq12014
Artemis 9000/EX Virtual User Conference - February 2014,Artemis,artemis.rallypointwebinars.com,/course/webinar.php?id=,2768,rpw.adobeconnect.com/,artemis211
"Artemis 9000/EX Virtual User Conference, February 2014",Artemis,artemis.rallypointwebinars.com,/course/webinar.php?id=,2768,rpw.adobeconnect.com/,artemis022014
Artemis 7 Virtual User Conference - February 2014,Artemis,artemis.rallypointwebinars.com,/course/webinar.php?id=,2769,rpw.adobeconnect.com/,artemis226
"Artemis 7 Virtual User Conference, February 2014",Artemis,artemis.rallypointwebinars.com,/course/webinar.php?id=,2769,rpw.adobeconnect.com/,artemis7q12014
Artemis Views Virtual User Conference - February 2014,Artemis,artemis.rallypointwebinars.com,/course/webinar.php?id=,2770,rpw.adobeconnect.com/,artemis227
"Artemis Views Virtual User Conference, Feb. 2014",Artemis,artemis.rallypointwebinars.com,/course/webinar.php?id=,2770,rpw.adobeconnect.com/,artemisviewsq114
Accept360 Virtual User Conference 2014,Artemis,artemis.rallypointwebinars.com,/course/webinar.php?id=,2797,rpw.adobeconnect.com/,accept-2014
Accept360 Virtual User Conference,Artemis,artemis.rallypointwebinars.com,/course/webinar.php?id=,2797,rpw.adobeconnect.com/,accept360may2014
Artemis Accept Virtual User Conference,Artemis,artemis.rallypointwebinars.com,/course/webinar.php?id=,2821,rpw.adobeconnect.com/,aa-nov-5
Artemis / Accept Virtual User Conference,Artemis,artemis.rallypointwebinars.com,/course/webinar.php?id=,2821,rpw.adobeconnect.com/,artemisacceptq42014
Artemis 9000 Virtual User Conference,Artemis,artemis.rallypointwebinars.com,/course/webinar.php?id=,2822,rpw.adobeconnect.com/,a9000-nov-12
Artemis 9000/EX Virtual User Conference 2015,Artemis,artemis.rallypointwebinars.com,/course/webinar.php?id=,2822,rpw.adobeconnect.com/,a9000exq12015
Accept 360 Suite Virtual User Conference,Artemis,artemis.rallypointwebinars.com,/course/webinar.php?id=,2823,rpw.adobeconnect.com/,accept-nov-13
Accept360 Suite Virtual User Conference,Artemis,artemis.rallypointwebinars.com,/course/webinar.php?id=,2823,rpw.adobeconnect.com/,accept360vucq12015
Artemis Views Virtual User Conference November 2014,Artemis,artemis.rallypointwebinars.com,/course/webinar.php?id=,2824,rpw.adobeconnect.com/,artemis-nov-18
Artemis Views Virtual User Conference Q12015,Artemis,artemis.rallypointwebinars.com,/course/webinar.php?id=,2824,rpw.adobeconnect.com/,viewsq12015
Artemis 7 Virtual User Conference November 2014,Artemis,artemis.rallypointwebinars.com,/course/webinar.php?id=,2825,rpw.adobeconnect.com/,artemis-nov-20
Artemis 7 Virtual User Conference Q12015,Artemis,artemis.rallypointwebinars.com,/course/webinar.php?id=,2825,rpw.adobeconnect.com/,a7q12015/
Artemis Finland Virtual User Conference - Q1 2012,Artemis Finland,artemisf.rallypointwebinars.com,/course/webinar.php?id=,501,rpw.adobeconnect.com/,artemisfin-q1-2012r/
Aurea Customer Briefing,Aurea,aurea.rallypointwebinars.com,/course/webinar.php?id=,1522,rpw.adobeconnect.com/,aurea-1-2013r
Aurea Introductory Webinar on Sonic Plus,Aurea,aurea.rallypointwebinars.com,/course/webinar.php?id=,1842,rpw.adobeconnect.com/,aurea-3-7rec
Aurea CEO Webinar,Aurea,aurea.rallypointwebinars.com,/course/webinar.php?id=,1972,rpw.adobeconnect.com/,aurea57r
Aurea 2013 Product Webinar,Aurea,aurea.rallypointwebinars.com,/course/webinar.php?id=,2042,rpw.adobeconnect.com/,aurea523r
"Hipcricket Corporate Update - July 02, 2015",Aurea,aurea.rallypointwebinars.com,/course/webinar.php?id=,2864,rpw.adobeconnect.com/,hipcricketvuc-07022015/
Hipcricket Corporate Update,Aurea,aurea.rallypointwebinars.com,/course/webinar.php?id=,2864,rpw.adobeconnect.com/,hipcricket070215/
"Hipcricket Corporate Update Webinar - December 1, 2015",Aurea,aurea.rallypointwebinars.com,/course/webinar.php?id=,2892,rpw.adobeconnect.com/,hipcricket-q4-2015
Aurea Hipcricket/Mobile Solutions Corporate Update,Aurea,aurea.rallypointwebinars.com,/course/webinar.php?id=,2892,rpw.adobeconnect.com/,/hipcricket12012015/
Auto-trol Virtual User Conference - Q3 2011,Auto-Trol Technology,auto-trol.rallypointwebinars.com,/course/webinar.php?id=,183,rpw.adobeconnect.com/,autotrol-q3-2011r
Auto-trol Virtual User Conference - Q4 2011,Auto-Trol Technology,auto-trol.rallypointwebinars.com,/course/webinar.php?id=,217,rpw.adobeconnect.com/,autotrol-q4-2011r/
Auto-trol Virtual User Conference - Q1 2012,Auto-Trol Technology,auto-trol.rallypointwebinars.com,/course/webinar.php?id=,253,rpw.adobeconnect.com/,autotrol-q1-2012r/
Auto-trol Virtual User Conference - Q2 2012,Auto-Trol Technology,auto-trol.rallypointwebinars.com,/course/webinar.php?id=,551,rpw.adobeconnect.com/,p4fwi253zbg
Auto-trol: The Momentum Continues,Auto-Trol Technology,auto-trol.rallypointwebinars.com,/course/webinar.php?id=,1081,rpw.adobeconnect.com/,autotrol-q3-2012r
Auto-trol: Going Strong!,Auto-Trol Technology,auto-trol.rallypointwebinars.com,/course/webinar.php?id=,1401,rpw.adobeconnect.com/,autotrol-q4-2012r
Auto-trol Virtual User Conference Q1 2013,Auto-Trol Technology,auto-trol.rallypointwebinars.com,/course/webinar.php?id=,1652,rpw.adobeconnect.com/,auto-trol-q1-2013r
Auto-trol: It's Time to Fine-tune,Auto-Trol Technology,auto-trol.rallypointwebinars.com,/course/webinar.php?id=,1892,rpw.adobeconnect.com/,auto-trol-q2-2013r
Auto-trol: Running Like Clockwork,Auto-Trol Technology,auto-trol.rallypointwebinars.com,/course/webinar.php?id=,2332,rpw.adobeconnect.com/,autotrolclockwork
Auto-trol Virtual User Conference - Q1 2014,Auto-Trol Technology,auto-trol.rallypointwebinars.com,/course/webinar.php?id=,2752,rpw.adobeconnect.com/,auto-trol-q1-2014
Auto-trol: The Momentum Continues in 2014,Auto-Trol Technology,auto-trol.rallypointwebinars.com,/course/webinar.php?id=,2752,rpw.adobeconnect.com/,autotrolq12014
Auto-trol Virtual User Conference Q2 2014,Auto-Trol Technology,auto-trol.rallypointwebinars.com,/course/webinar.php?id=,2796,rpw.adobeconnect.com/,auto-trol-q2-2014
Focus on Tech Illustrator,Auto-Trol Technology,auto-trol.rallypointwebinars.com,/course/webinar.php?id=,2796,rpw.adobeconnect.com/,autotrolq22014
Auto-trol Virtual User Conference Q4 2014,Auto-Trol Technology,auto-trol.rallypointwebinars.com,/course/webinar.php?id=,2813,rpw.adobeconnect.com/,auto-trol-q4-2014
Auto-trol: Important Customer Briefing,Auto-Trol Technology,auto-trol.rallypointwebinars.com,/course/webinar.php?id=,2813,rpw.adobeconnect.com/,autotrolq32014
Auto-trol Virtual User Conference Q1 2015,Auto-Trol Technology,auto-trol.rallypointwebinars.com,/course/webinar.php?id=,2844,rpw.adobeconnect.com/,auto-trol-q1-2015
Auto-trol: Tech Illustrator Focused Briefing,Auto-Trol Technology,auto-trol.rallypointwebinars.com,/course/webinar.php?id=,2844,rpw.adobeconnect.com/,autotroltiq12015
Auto-trol Q2 2015 VUC,Auto-Trol Technology,auto-trol.rallypointwebinars.com,/course/webinar.php?id=,2858,rpw.adobeconnect.com/,auto-trol-q2-2015/
Auto-trol: KONFIG Focused Briefing,Auto-Trol Technology,auto-trol.rallypointwebinars.com,/course/webinar.php?id=,2858,rpw.adobeconnect.com/,auto-trol062315/
Auto-trol VUC Q3 2015,Auto-Trol Technology,auto-trol.rallypointwebinars.com,/course/webinar.php?id=,2872,rpw.adobeconnect.com/,auto-trol-q3-2015/
Auto-Trol: Tech Illustrator-Focused Briefing,Auto-Trol Technology,auto-trol.rallypointwebinars.com,/course/webinar.php?id=,2872,rpw.adobeconnect.com/,atti092215/
Tax Changes and What You Should Know,berrydunn,berrydunn.rallypointwebinars.com,/course/webinar.php?id=,1642,rpw.adobeconnect.com/,berrydunn-jan17
Tax Changes and What You Should Know,berrydunn,berrydunn.rallypointwebinars.com,/course/webinar.php?id=,1662,rpw.adobeconnect.com/,berrydunn-jan17r
Capturing Value through Sustainability,berrydunn,berrydunn.rallypointwebinars.com,/course/webinar.php?id=,1752,rpw.adobeconnect.com/,berrydunn-feb27
Operating Reserves : Buffer Against the Storm,berrydunn,berrydunn.rallypointwebinars.com,/course/webinar.php?id=,1902,rpw.adobeconnect.com/,berrydunn-april24rec
Employee Benefit Hot Topics – What You Need to Know,berrydunn,berrydunn.rallypointwebinars.com,/course/webinar.php?id=,2092,rpw.adobeconnect.com/,berrydunn-may29r
Planning for ICD-10 Compliance,berrydunn,berrydunn.rallypointwebinars.com,/course/webinar.php?id=,2272,rpw.adobeconnect.com/,icd10compliance
Gain Clarity on New Tangible Property Rules,berrydunn,berrydunn.rallypointwebinars.com,/course/webinar.php?id=,2632,rpw.adobeconnect.com/,tangproprules
Gain Clarity Your Responsibilities Under OMB Circular A133,berrydunn,berrydunn.rallypointwebinars.com,/course/webinar.php?id=,2775,rpw.adobeconnect.com/,berrydunn-feb13
Gain Clarity: Your Responsibilities Under OMB Circular A-133,berrydunn,berrydunn.rallypointwebinars.com,/course/webinar.php?id=,2775,rpw.adobeconnect.com/,a133berrydunn
Enterprise Risk Management and Government Entities,berrydunn,berrydunn.rallypointwebinars.com,/course/webinar.php?id=,2793,rpw.adobeconnect.com/,berrydunn-apr-30
Enterprise Risk Management and Government Entities,berrydunn,berrydunn.rallypointwebinars.com,/course/webinar.php?id=,2793,rpw.adobeconnect.com/,erm
Employee Benefit Hot Topics for 2014 and Beyond,berrydunn,berrydunn.rallypointwebinars.com,/course/webinar.php?id=,2798,rpw.adobeconnect.com/,berrydunn-may-28/
Employee Benefit Hot Topics for 2014 and Beyond,berrydunn,berrydunn.rallypointwebinars.com,/course/webinar.php?id=,2798,rpw.adobeconnect.com/,berrydunn28may14
Implementing an LTPAC EHR,berrydunn,berrydunn.rallypointwebinars.com,/course/webinar.php?id=,2809,rpw.adobeconnect.com/,berrydunn-sept-10
Lessons Learned in Implementing an LTPAC EHR,berrydunn,berrydunn.rallypointwebinars.com,/course/webinar.php?id=,2809,rpw.adobeconnect.com/,ltpacehr
Getting More Mileage Out of Your ESOP,berrydunn,berrydunn.rallypointwebinars.com,/course/webinar.php?id=,2819,rpw.adobeconnect.com/,berrydunn-nov-5
Getting More Out of Your ESOP,berrydunn,berrydunn.rallypointwebinars.com,/course/webinar.php?id=,2819,rpw.adobeconnect.com/,morefromesop
Keep State Budget Challenges from Becoming Your Tax Burden,berrydunn,berrydunn.rallypointwebinars.com,/course/webinar.php?id=,2832,rpw.adobeconnect.com/,berrydunn-dec-9
Keep State Budget Challenges from Becoming Your Tax Burden,berrydunn,berrydunn.rallypointwebinars.com,/course/webinar.php?id=,2832,rpw.adobeconnect.com/,statetaxes
Demystifying 340B Compliance and Administration,berrydunn,berrydunn.rallypointwebinars.com,/course/webinar.php?id=,2837,rpw.adobeconnect.com/,berrydunn-feb-25
Demystifying 340B Compliance & Administration,berrydunn,berrydunn.rallypointwebinars.com,/course/webinar.php?id=,2837,rpw.adobeconnect.com/,berrydunn25feb2015
Three Steps to a Successful Business Transition,berrydunn,berrydunn.rallypointwebinars.com,/course/webinar.php?id=,2889,rpw.adobeconnect.com/,berrydunn-11-18-15
Three Steps to a Successful Business Transition,berrydunn,berrydunn.rallypointwebinars.com,/course/webinar.php?id=,2889,rpw.adobeconnect.com/,berrydunn111815/
Valuable Tips for Managing Your Split Interest Agreements,berrydunn,berrydunn.rallypointwebinars.com,/course/webinar.php?id=,2894,rpw.adobeconnect.com/,berrydunn-12-09-15
Valuable Tips for Managing Split-Interest Agreements,berrydunn,berrydunn.rallypointwebinars.com,/course/webinar.php?id=,2894,rpw.adobeconnect.com/,berrydunn12092015/
Sustainability for Health Insurance Exchanges: A Peer Perspective,berrydunn,berrydunn.rallypointwebinars.com,/course/webinar.php?id=,2898,rpw.adobeconnect.com/,berrydunn-01-21-16
Sustainability for Health Insurance Exchanges Going Forward,berrydunn,berrydunn.rallypointwebinars.com,/course/webinar.php?id=,2898,rpw.adobeconnect.com/,berrydunn01212016/
Using Webinars as Part of Your Marketing,Boyden,boyden.rallypointwebinars.com,/course/webinar.php?id=,245,rpw.adobeconnect.com/,boyden-1-2012r
Russia’s Executives Lead an Economic Renaissance,Boyden,boyden.rallypointwebinars.com,/course/webinar.php?id=,1311,rpw.adobeconnect.com/,boyden-octr
March 2013: Using Webinars as Part of Your Marketing,Boyden,boyden.rallypointwebinars.com,/course/webinar.php?id=,1722,rpw.adobeconnect.com/,boyden-2-2013r
The Boyden Report: Nordic,Boyden,boyden.rallypointwebinars.com,/course/webinar.php?id=,2462,rpw.adobeconnect.com/,boydennordic
Innovation in Business and Technology,Boyden,boyden.rallypointwebinars.com,/course/webinar.php?id=,2764,rpw.adobeconnect.com/,boyden-jan-2014
Innovation in Business and Technology,Boyden,boyden.rallypointwebinars.com,/course/webinar.php?id=,2764,rpw.adobeconnect.com/,boydendisney
How to Maximize the Value of Your Firm,Catapult,catapult.rallypointwebinars.com,/course/webinar.php?id=,1021,rpw.adobeconnect.com/,catapult-6-12r
Maximize the Value of Your Digital Marketing Company,Catapult,catapult.rallypointwebinars.com,/course/webinar.php?id=,2422,rpw.adobeconnect.com/,StCharlesCatapult
Corizon Virtual User Conference - Q1 2012,Corizon,corizon.rallypointwebinars.com,/course/webinar.php?id=,247,rpw.adobeconnect.com/,corizon-q1-2012r/
Back to School for Students with Special Needs,Dr Moldover,drmoldover.rallypointwebinars.com,/course/webinar.php?id=,2808,rpw.adobeconnect.com/,dr-moldover-oct-2014
Back to School for Students with Special Needs,Dr Moldover,drmoldover.rallypointwebinars.com,/course/webinar.php?id=,2808,rpw.adobeconnect.com/,back2school
Off to College for Students with Special Needs,Dr Moldover,drmoldover.rallypointwebinars.com,/course/webinar.php?id=,2842,rpw.adobeconnect.com/,moldover-3-11
Off to College for Students with Special Needs,Dr Moldover,drmoldover.rallypointwebinars.com,/course/webinar.php?id=,2842,rpw.adobeconnect.com/,offtocollege
Educating the Whole Child,Dr Moldover,drmoldover.rallypointwebinars.com,/course/webinar.php?id=,2879,rpw.adobeconnect.com/,drmoldover-10-27-15
Educating the Whole Child,Dr Moldover,drmoldover.rallypointwebinars.com,/course/webinar.php?id=,2879,rpw.adobeconnect.com/,drmoldover1027015/
Pain Management,Dr Pergolizzi,drpergolizzi.rallypointwebinars.com,/course/webinar.php?id=,2817,rpw.adobeconnect.com/,dr-pergolizzi-nov-12
8 Steps to Support Blood Pressure Naturally,Dr Sinatra,drsinatra.rallypointwebinars.com,/course/webinar.php?id=,2784,rpw.adobeconnect.com/,dr-sinatra-520
The Great Cholesterol Myth,Dr Sinatra,drsinatra.rallypointwebinars.com,/course/webinar.php?id=,2816,rpw.adobeconnect.com/,dr-sinatra-oct-21
Ecora Virtual User Conference - Q3 2011,Ecora,ecora.rallypointwebinars.com,/course/webinar.php?id=,186,rpw.adobeconnect.com/,ecora-q3-2011r
Ecora Virtual User Conference - Q4 2011,Ecora,ecora.rallypointwebinars.com,/course/webinar.php?id=,225,rpw.adobeconnect.com/,ecora-q4-2011r/
Ecora Virtual User Conference - Q1 2012,Ecora,ecora.rallypointwebinars.com,/course/webinar.php?id=,256,rpw.adobeconnect.com/,ecora-q1-2012r/
Ecora Virtual User Conference - Q2 2012,Ecora,ecora.rallypointwebinars.com,/course/webinar.php?id=,691,rpw.adobeconnect.com/,ecora-q2-2012r
Ecora: On the Road to Success,Ecora,ecora.rallypointwebinars.com,/course/webinar.php?id=,1281,rpw.adobeconnect.com/,ecora-q3-2012r
Ecora: The Road to Success Continues,Ecora,ecora.rallypointwebinars.com,/course/webinar.php?id=,1832,rpw.adobeconnect.com/,ecora-q1-2013r
Ecora: Important Customer Briefing,Ecora,ecora.rallypointwebinars.com,/course/webinar.php?id=,2442,rpw.adobeconnect.com/,ecoraq4
Creating Sustained Growth in HR Consulting Firms,Equiteq,equiteq.rallypointwebinars.com,/course/webinar.php?id=,1131,rpw.adobeconnect.com/,equiteq7512r
ETI Virtual User Conference - Q3 2011,ETI,eti.rallypointwebinars.com,/course/webinar.php?id=,188,rpw.adobeconnect.com/,eti-q3-2011r/
ETI Virtual User Conference - Q4 2011,ETI,eti.rallypointwebinars.com,/course/webinar.php?id=,223,rpw.adobeconnect.com/,eti-q4-2011r/
ETI Virtual User Conference - Q1 2012,ETI,eti.rallypointwebinars.com,/course/webinar.php?id=,321,rpw.adobeconnect.com/,eti-q1-2012r
ETI Virtual User Conference - Q2 2012,ETI,eti.rallypointwebinars.com,/course/webinar.php?id=,811,rpw.adobeconnect.com/,eti-q2-2012r
ETI VUC Plans for 2013,ETI,eti.rallypointwebinars.com,/course/webinar.php?id=,1582,rpw.adobeconnect.com/,eti-q4-2012ar
Everest Virtual User Conference - Q3 2011,Everest,everest.rallypointwebinars.com,/course/webinar.php?id=,191,rpw.adobeconnect.com/,everest-q3-2011r
Everest Virtual User Conference - Q4 2011,Everest,everest.rallypointwebinars.com,/course/webinar.php?id=,224,rpw.adobeconnect.com/,everest-q4-2011r/
Everest Virtual User Conference - Q1 2012,Everest,everest.rallypointwebinars.com,/course/webinar.php?id=,301,rpw.adobeconnect.com/,everest-q1-2012r/
Everest Virtual User Conference - Q2 2012,Everest,everest.rallypointwebinars.com,/course/webinar.php?id=,851,rpw.adobeconnect.com/,everest-q2-2012r/
Everest: Staying the Course!,Everest,everest.rallypointwebinars.com,/course/webinar.php?id=,1121,rpw.adobeconnect.com/,everest-q3-2012r
Everest: Staying on Course!,Everest,everest.rallypointwebinars.com,/course/webinar.php?id=,1532,rpw.adobeconnect.com/,everest-q4-2012r
Everest Virtual User Conference - Q1 2013,Everest,everest.rallypointwebinars.com,/course/webinar.php?id=,1732,rpw.adobeconnect.com/,everest-q1-2013r
Everest Virtual User Conference - Q1 2013,Everest,everest.rallypointwebinars.com,/course/webinar.php?id=,1782,rpw.adobeconnect.com/,everest-q1-2013r
Everest Virtual User Conference - Q1 2013,Everest,everest.rallypointwebinars.com,/course/webinar.php?id=,1782,rpw.adobeconnect.com/,everest-q1-2013
Everest Q2 2013,Everest,everest.rallypointwebinars.com,/course/webinar.php?id=,2032,rpw.adobeconnect.com/,everest-q2-2013-recording
Everest Virtual User Conference - Q2 2013,Everest,everest.rallypointwebinars.com,/course/webinar.php?id=,2032,rpw.adobeconnect.com/,everest-q2-2013
Everest: Ask the Expert!,Everest,everest.rallypointwebinars.com,/course/webinar.php?id=,2242,rpw.adobeconnect.com/,everest2013q3
"Everest Virtual User Conference - October 1, 2013",Everest,everest.rallypointwebinars.com,/course/webinar.php?id=,2242,rpw.adobeconnect.com/,everest-q3-2013
Everest: Important Customer Briefing,Everest,everest.rallypointwebinars.com,/course/webinar.php?id=,2742,rpw.adobeconnect.com/,everest2014q1
Everest Virtual User Conference - Q1 2014,Everest,everest.rallypointwebinars.com,/course/webinar.php?id=,2742,rpw.adobeconnect.com/,everest-q1-2014
Everest Virtual User Conference Q2 2014,Everest,everest.rallypointwebinars.com,/course/webinar.php?id=,2790,rpw.adobeconnect.com/,everest-q2-2014
Everest 3.0: The Future is Now,Everest,everest.rallypointwebinars.com,/course/webinar.php?id=,2790,rpw.adobeconnect.com/,everestq22014
Everest Virtual User Conference Q3 2014,Everest,everest.rallypointwebinars.com,/course/webinar.php?id=,2803,rpw.adobeconnect.com/,everest-q3-2014
Everest 3.0 in Action,Everest,everest.rallypointwebinars.com,/course/webinar.php?id=,2803,rpw.adobeconnect.com/,p53awieqzgm
Everest Q4 2014 VUC,Everest,everest.rallypointwebinars.com,/course/webinar.php?id=,2828,rpw.adobeconnect.com/,everestq42014
Everest Virtual User Conference February 2015,Everest,everest.rallypointwebinars.com,/course/webinar.php?id=,2836,rpw.adobeconnect.com/,everest-q1-2015
Everest 3.0 Roars into 2015,Everest,everest.rallypointwebinars.com,/course/webinar.php?id=,2836,rpw.adobeconnect.com/,everestq12015
Everest VUC - May 2015,Everest,everest.rallypointwebinars.com,/course/webinar.php?id=,2853,rpw.adobeconnect.com/,everest-q2-2015/
Everest 3.0: The Growth Phase,Everest,everest.rallypointwebinars.com,/course/webinar.php?id=,2853,rpw.adobeconnect.com/,everest51915/
Everest Virtual User Conference - Q3 2015,Everest,everest.rallypointwebinars.com,/course/webinar.php?id=,2873,rpw.adobeconnect.com/,everest-q3-2015
Everest 3.0: The Growth Phase,Everest,everest.rallypointwebinars.com,/course/webinar.php?id=,2873,rpw.adobeconnect.com/,everest093015/
Everest 3.0 l The Growth Phase,Everest,everest.rallypointwebinars.com,/course/webinar.php?id=,2899,rpw.adobeconnect.com/,everest-q1-2016
Everest Q1 2016,Everest,everest.rallypointwebinars.com,/course/webinar.php?id=,2899,rpw.adobeconnect.com/,everest01192016
Gensym Virtual User Conference - Q3 2011,Gensym,gensym.rallypointwebinars.com,/course/webinar.php?id=,177,rpw.adobeconnect.com/,gensym-q3-2011r
Gensym Virtual User Conference - Q4 2011,Gensym,gensym.rallypointwebinars.com,/course/webinar.php?id=,220,rpw.adobeconnect.com/,gensym-q4-2011r/
Gensym Virtual User Conference - Q1 2012,Gensym,gensym.rallypointwebinars.com,/course/webinar.php?id=,291,rpw.adobeconnect.com/,gensym-q1-2012r
Meet the New Gensym - Q1 2012,Gensym,gensym.rallypointwebinars.com,/course/webinar.php?id=,401,rpw.adobeconnect.com/,gensymwbw-q1-2012r/
Reintroducing Gensym & G2 - Q2 2012,Gensym,gensym.rallypointwebinars.com,/course/webinar.php?id=,751,rpw.adobeconnect.com/,gensymwbw-q2-2012r/
Gensym Virtual User Conference - Q2 2012,Gensym,gensym.rallypointwebinars.com,/course/webinar.php?id=,761,rpw.adobeconnect.com/,gensym-q2-2012r
Sneak Peak: Gensym In-Person User Conference!,Gensym,gensym.rallypointwebinars.com,/course/webinar.php?id=,1251,rpw.adobeconnect.com/,gensym-q3-2012r
Gensym In-Person Conference Review,Gensym,gensym.rallypointwebinars.com,/course/webinar.php?id=,1502,rpw.adobeconnect.com/,gensym-q4-2012r
Gensym: Upholding the Mission,Gensym,gensym.rallypointwebinars.com,/course/webinar.php?id=,1702,rpw.adobeconnect.com/,gensym-q1-2013r
Reintroducing Gensym and G2,Gensym,gensym.rallypointwebinars.com,/course/webinar.php?id=,1882,rpw.adobeconnect.com/,gensym-q2-2013r
Gensym: Profile in Success with Dalkia,Gensym,gensym.rallypointwebinars.com,/course/webinar.php?id=,1932,rpw.adobeconnect.com/,gensym-may-2013r
Gensym Mission Possible Q4 2013,Gensym,gensym.rallypointwebinars.com,/course/webinar.php?id=,2522,rpw.adobeconnect.com/,gensymq413
Gensym Virtual User Conference - Q1 2014,Gensym,gensym.rallypointwebinars.com,/course/webinar.php?id=,2765,rpw.adobeconnect.com/,gensym-q1-2014
Virtual Preview of the Gensym 2014 User Conference,Gensym,gensym.rallypointwebinars.com,/course/webinar.php?id=,2765,rpw.adobeconnect.com/,gensym2014q1
Gensym Virtual User Conference - Q4 2015,Gensym,gensym.rallypointwebinars.com,/course/webinar.php?id=,2877,rpw.adobeconnect.com/,gensym-q4-2015/
Gensyn Virtual User Conference,Gensym,gensym.rallypointwebinars.com,/course/webinar.php?id=,2877,rpw.adobeconnect.com/,gensym102115/
GeoVue Virtual User Conference - Q3 2011,Geovue,gensym.rallypointwebinars.com,/course/webinar.php?id=,169,rpw.adobeconnect.com/,geovue-q3-2011r
GeoVue Virtual User Conference - Q4 2011,Geovue,gensym.rallypointwebinars.com,/course/webinar.php?id=,237,rpw.adobeconnect.com/,geovue-q4-2011r
GeoVue Virtual User Conference - Q1 2012,Geovue,gensym.rallypointwebinars.com,/course/webinar.php?id=,311,rpw.adobeconnect.com/,geovue-q1-2012r/
geoVue: Portal Version 4.0 Has Arrived!,Geovue,gensym.rallypointwebinars.com,/course/webinar.php?id=,1111,rpw.adobeconnect.com/,geovue-q3-2012r
HighJump Webinar 9/30/14,Highjump,highjump.rallypointwebinars.com,/course/webinar.php?id=,2814,rpw.adobeconnect.com/,highjump-sept30
Signs It’s Time to Replace Your WMS,Highjump,highjump.rallypointwebinars.com,/course/webinar.php?id=,2814,rpw.adobeconnect.com/,highjumpwms
Is the Cloud Right for Your WMS?,Highjump,highjump.rallypointwebinars.com,/course/webinar.php?id=,2830,rpw.adobeconnect.com/,highjump-dec-10
WMS in the Cloud - Is it Right for You?”,Highjump,highjump.rallypointwebinars.com,/course/webinar.php?id=,2830,rpw.adobeconnect.com/,cloudwmshighjump
Omni-channel Fulfillment – from Disruptor to Game-Changer,Highjump,highjump.rallypointwebinars.com,/course/webinar.php?id=,2838,rpw.adobeconnect.com/,highjump-feb26
Omni-channel Fulfillment – from Disruptor to Game-Changer,Highjump,highjump.rallypointwebinars.com,/course/webinar.php?id=,2838,rpw.adobeconnect.com/,highjump26feb2015
Remain Profitable While Meeting Retail's Omni-Channel Customer Demands,Highjump,highjump.rallypointwebinars.com,/course/webinar.php?id=,2855,rpw.adobeconnect.com/,highjump-5-20-15/
Remn Profitable_Meeting Retail's Omni-Channel Cust. Dmnds,Highjump,highjump.rallypointwebinars.com,/course/webinar.php?id=,2855,rpw.adobeconnect.com/,highjump52015/
Health Care Law and You - Monday,IBX,ibx.rallypointwebinars.com,/course/webinar.php?id=,2362,rpw.adobeconnect.com/,hclawandyoumon
Health Care Law and You - Tuesday,IBX,ibx.rallypointwebinars.com,/course/webinar.php?id=,2372,rpw.adobeconnect.com/,HCLawandYouTue
Health Care Law and You - Wednesday,IBX,ibx.rallypointwebinars.com,/course/webinar.php?id=,2382,rpw.adobeconnect.com/,hclawandyouwed
Health Care Law and You - Thursday,IBX,ibx.rallypointwebinars.com,/course/webinar.php?id=,2392,rpw.adobeconnect.com/,HCLawandYouTh
The Path Ahead: Ignite Technologies User Conference,Ignite,ignite.rallypointwebinars.com,/course/webinar.php?id=,2162,rpw.adobeconnect.com/,ignite-q3-2013r
August 2013 - Ignite Technologies: Focus on Support,Ignite,ignite.rallypointwebinars.com,/course/webinar.php?id=,2252,rpw.adobeconnect.com/,FocusonSupport
Ignite Technologies: Building Momentum,Ignite,ignite.rallypointwebinars.com,/course/webinar.php?id=,2622,rpw.adobeconnect.com/,ignitemomentum
Ignite Virtual User Conference Q2 2014,Ignite,ignite.rallypointwebinars.com,/course/webinar.php?id=,2792,rpw.adobeconnect.com/,ignite-q2-2014
The Path Ahead for NuView Customers,Ignite,ignite.rallypointwebinars.com,/course/webinar.php?id=,2792,rpw.adobeconnect.com/,p3txhzjutoo
Ignite Acorn Systems Virtual User Conference - July 2014,Ignite,ignite.rallypointwebinars.com,/course/webinar.php?id=,2804,rpw.adobeconnect.com/,ignite-acorn-q3-2014
The Path Ahead for Acorn Customers,Ignite,ignite.rallypointwebinars.com,/course/webinar.php?id=,2804,rpw.adobeconnect.com/,p3un0uo87ye
Ignite Technologies Focus on Support,Ignite,ignite.rallypointwebinars.com,/course/webinar.php?id=,2806,rpw.adobeconnect.com/,ignite-nuview-aug13
Ignite Technologies (NuView): Focus on Support,Ignite,ignite.rallypointwebinars.com,/course/webinar.php?id=,2806,rpw.adobeconnect.com/,p5pmufpko3o
Ignite Technologies Focus on Support August 2014,Ignite,ignite.rallypointwebinars.com,/course/webinar.php?id=,2810,rpw.adobeconnect.com/,ignite-acorn-aug27
Ignite Technologies (Acorn): Focus on Support,Ignite,ignite.rallypointwebinars.com,/course/webinar.php?id=,2810,rpw.adobeconnect.com/,/igniteacorn
Ignite Virtual User Conference October 2014,Ignite,ignite.rallypointwebinars.com,/course/webinar.php?id=,2815,rpw.adobeconnect.com/,ignite-oct-15
Ignite Technologies: Important NuView Briefing,Ignite,ignite.rallypointwebinars.com,/course/webinar.php?id=,2815,rpw.adobeconnect.com/,nuviewoct2014
Ignite Acorn Systems Virtual User Conference - November 2014,Ignite,ignite.rallypointwebinars.com,/course/webinar.php?id=,2820,rpw.adobeconnect.com/,ignite-acorn-nov-2014
Ignite Virtual User Conference for Acorn Users,Ignite,ignite.rallypointwebinars.com,/course/webinar.php?id=,2820,rpw.adobeconnect.com/,igniteacornq414
Ignite Webinar for NuView Payroll,Ignite,ignite.rallypointwebinars.com,/course/webinar.php?id=,2826,rpw.adobeconnect.com/,ignite-nov-18
Ignite Webinar for NuView Payroll,Ignite,ignite.rallypointwebinars.com,/course/webinar.php?id=,2826,rpw.adobeconnect.com/,nuviewpayroll
Ignite Webinar for NuView HRMS,Ignite,ignite.rallypointwebinars.com,/course/webinar.php?id=,2827,rpw.adobeconnect.com/,ignite-nov-20
Ignite Webinar for NuView HRMS,Ignite,ignite.rallypointwebinars.com,/course/webinar.php?id=,2827,rpw.adobeconnect.com/,nuviewhrms
Ignite NuView Virtual User Conference March 2015,Ignite,ignite.rallypointwebinars.com,/course/webinar.php?id=,2843,rpw.adobeconnect.com/,ignite-march-2015/
NuView Customer Virtual User Conference Q1 2015,Ignite,ignite.rallypointwebinars.com,/course/webinar.php?id=,2843,rpw.adobeconnect.com/,nuviewq12015
Ignite Virtual User Conference for Acorn,Ignite,ignite.rallypointwebinars.com,/course/webinar.php?id=,2848,rpw.adobeconnect.com/,ignite-acorn-april-2015
Ignite Technologies: Important Acorn Client Briefing,Ignite,ignite.rallypointwebinars.com,/course/webinar.php?id=,2848,rpw.adobeconnect.com/,igniteacornq22015/
NuView Q2 2015,Ignite,ignite.rallypointwebinars.com,/course/webinar.php?id=,2861,rpw.adobeconnect.com/,nuview-q2-2015/
Virtual User Conference for NuView Customers,Ignite,ignite.rallypointwebinars.com,/course/webinar.php?id=,2861,rpw.adobeconnect.com/,ignite062315/
Infopia Virtual User Conference - Q4 2011,Infopia,infopia.rallypointwebinars.com,/course/webinar.php?id=,207,rpw.adobeconnect.com/,infopia-q4-2011r/
Infopia Virtual User Conference - Q1 2012,Infopia,infopia.rallypointwebinars.com,/course/webinar.php?id=,254,rpw.adobeconnect.com/,infopia-q1-2012r2/
Infopia Virtual User Conference - Q2 2012,Infopia,infopia.rallypointwebinars.com,/course/webinar.php?id=,561,rpw.adobeconnect.com/,p36vv1qodkj/
Infopia: Staying the Course.,Infopia,infopia.rallypointwebinars.com,/course/webinar.php?id=,1241,rpw.adobeconnect.com/,infopia-q3-2012r/
Leveraging Data and Tech to Optimize Customer Engagement,KBM,kbm.rallypointwebinars.com,/course/webinar.php?id=,681,rpw.adobeconnect.com/,kbm42612rc
Health Insurance 2014: Carpe Annum,KBM,kbm.rallypointwebinars.com,/course/webinar.php?id=,1391,rpw.adobeconnect.com/,kbm-10-12r
Countdown To Health Reform: Listen To Your Customer,KBM,kbm.rallypointwebinars.com,/course/webinar.php?id=,2182,rpw.adobeconnect.com/,kbm-july-2013r
Top 10 Healthcare Trends: 2014,KBM,kbm.rallypointwebinars.com,/course/webinar.php?id=,2602,rpw.adobeconnect.com/,kbmtop10
Evolving to Analytic Maturity,KBM,kbm.rallypointwebinars.com,/course/webinar.php?id=,2782,rpw.adobeconnect.com/,kbm327
Evolving to Analytic Maturity,KBM,kbm.rallypointwebinars.com,/course/webinar.php?id=,2782,rpw.adobeconnect.com/,evolvinganalytic
ROADMAP FOR 2015: Obamacare 2.0,KBM,kbm.rallypointwebinars.com,/course/webinar.php?id=,2786,rpw.adobeconnect.com/,kbmhs327
ROADMAP FOR 2015: Obamacare 2.0,KBM,kbm.rallypointwebinars.com,/course/webinar.php?id=,2786,rpw.adobeconnect.com/,roadmapoep2015
Trends in Integrating Data,KBMG,kbmg.rallypointwebinars.com,/course/webinar.php?id=,721,rpw.adobeconnect.com/,kbm512r
Best Practices for Sign Manufacturers,Keyed In,keyedin.rallypointwebinars.com,/course/webinar.php?id=,781,rpw.adobeconnect.com/,keyedin-4-25r
How to Increase Profitability for Sign Manufacturers,Keyed In,keyedin.rallypointwebinars.com,/course/webinar.php?id=,871,rpw.adobeconnect.com/,keyedin-5-12r
Averting Project Disaster,Keyed In,keyedin.rallypointwebinars.com,/course/webinar.php?id=,991,rpw.adobeconnect.com/,ki-6-12r
Navigating the ERP Minefield,Keyed In CG,keyedin.rallypointwebinars.com,/course/webinar.php?id=,941,rpw.adobeconnect.com/,keyedin-5-31r
MessageOne: The Path Ahead,MessageOne,messageone.rallypointwebinars.com,/course/webinar.php?id=,2852,rpw.adobeconnect.com/,messageone-4-29-15/
MessageOne: The Path Ahead,MessageOne,messageone.rallypointwebinars.com,/course/webinar.php?id=,2852,rpw.adobeconnect.com/,messageone042915/
"MessageOne VUC - July 28, 2015",MessageOne,messageone.rallypointwebinars.com,/course/webinar.php?id=,2866,rpw.adobeconnect.com/,messageone_07282015/
MessageOne: Important Customer Briefing,MessageOne,messageone.rallypointwebinars.com,/course/webinar.php?id=,2866,rpw.adobeconnect.com/,messageone072815/
MessageOne Virtual User Conference – Oct. 2015,MessageOne,messageone.rallypointwebinars.com,/course/webinar.php?id=,2885,rpw.adobeconnect.com/,messageone-q4-2015
MessageOne: Important Customer Briefing,MessageOne,messageone.rallypointwebinars.com,/course/webinar.php?id=,2885,rpw.adobeconnect.com/,messageone102715/
MessageOne: Important Customer Briefing,MessageOne,messageone.rallypointwebinars.com,/course/webinar.php?id=,2901,rpw.adobeconnect.com/,messageone-q1-2016
MessageOne: Q1 2016 Important Customer Briefing,MessageOne,messageone.rallypointwebinars.com,/course/webinar.php?id=,2901,rpw.adobeconnect.com/,messageone02092016
Metatomix Virtual User Conference - Q3 2011,Metatomix,metatomix.rallypointwebinars.com,/course/webinar.php?id=,192,rpw.adobeconnect.com/,metatomix-q3-2011r/
How to Run Webinars that Accomplish Your Goals,News Wise,newswise.rallypointwebinars.com,/course/webinar.php?id=,1632,rpw.adobeconnect.com/,rpw-9-12r
Nextance Virtual User Conference - Q3 2011,Nextance,nextance.rallypointwebinars.com,/course/webinar.php?id=,204,rpw.adobeconnect.com/,p8taaagwr1d/
Nextance Virtual User Conference - Q1 2012,Nextance,nextance.rallypointwebinars.com,/course/webinar.php?id=,511,rpw.adobeconnect.com/,nextance-q1-2012r/
Nextance Virtual User Conference - Q4 2012,Nextance,nextance.rallypointwebinars.com,/course/webinar.php?id=,1452,rpw.adobeconnect.com/,nextance-q4-2012r
The Path Ahead,ObjectStore,objectstore.rallypointwebinars.com,/course/webinar.php?id=,1622,rpw.adobeconnect.com/,os-q1-2013rb
ObjectStore: Focus on Support,ObjectStore,objectstore.rallypointwebinars.com,/course/webinar.php?id=,1762,rpw.adobeconnect.com/,os-feb-2013r
ObjectStore: 2013 Editions Are Coming!,ObjectStore,objectstore.rallypointwebinars.com,/course/webinar.php?id=,1942,rpw.adobeconnect.com/,os-q2-2013r
ObjectStore Welcome Back Webinar,ObjectStore,objectstore.rallypointwebinars.com,/course/webinar.php?id=,2342,rpw.adobeconnect.com/,objectstore-q3-2013
ObjectStore Virtual User Conference Q4,ObjectStore,objectstore.rallypointwebinars.com,/course/webinar.php?id=,2552,rpw.adobeconnect.com/,objectstoreq413
ObjectStore Virtual User Conference Q1 2014,ObjectStore,objectstore.rallypointwebinars.com,/course/webinar.php?id=,2777,rpw.adobeconnect.com/,objectstore-q1-2014
ObjectStore 2013 Standard Launch Event,ObjectStore,objectstore.rallypointwebinars.com,/course/webinar.php?id=,2777,rpw.adobeconnect.com/,objstore2013std
ObjectStore Virtual User Conference - Oct. 2015,ObjectStore,objectstore.rallypointwebinars.com,/course/webinar.php?id=,2875,rpw.adobeconnect.com/,objectstore-q4-2015/
ObjectStore Virtual User Conference,ObjectStore,objectstore.rallypointwebinars.com,/course/webinar.php?id=,2875,rpw.adobeconnect.com/,objectstore101515/
Small Business Health Reform Webinar,Optima Health,optimahealth.rallypointwebinars.com,/course/webinar.php?id=,2282,rpw.adobeconnect.com/,sbhrw
Small Business Health Care Reform Webinar,Optima Health,optimahealth.rallypointwebinars.com,/course/webinar.php?id=,2312,rpw.adobeconnect.com/,healthreform
Optima Medicare Online Seminar,Optima Health,optimahealth.rallypointwebinars.com,/course/webinar.php?id=,2472,rpw.adobeconnect.com/,optimanov13
How to Save with USPS Price Increases,Pitney Bowes,pitneybowes.rallypointwebinars.com,/course/webinar.php?id=,2845,rpw.adobeconnect.com/,pb-april-2015
USPS rate changes. Learn what they mean to your business.,Pitney Bowes,pitneybowes.rallypointwebinars.com,/course/webinar.php?id=,2845,rpw.adobeconnect.com/,pb51415/
Vote by Mail Is Growing. Are You Ready?,Pitney Bowes,pitneybowes.rallypointwebinars.com,/course/webinar.php?id=,2850,rpw.adobeconnect.com/,pb-5-13
Vote by mail is growing. Are you ready?,Pitney Bowes,pitneybowes.rallypointwebinars.com,/course/webinar.php?id=,2850,rpw.adobeconnect.com/,pb51315/
ConfirmWorkzone: Integrated spatial workforce optimisation,Pitney Bowes,pitneybowes.rallypointwebinars.com,/course/webinar.php?id=,2865,rpw.adobeconnect.com/,confirmworkzone/
Optimised process mgmt and work scheduling for work crews,Pitney Bowes,pitneybowes.rallypointwebinars.com,/course/webinar.php?id=,2865,rpw.adobeconnect.com/,pb11082015/
Mail Management Seminar Series,Pitney Bowes,pitneybowes.rallypointwebinars.com,/course/webinar.php?id=,2869,rpw.adobeconnect.com/,mmss/
October Mail Management Seminar Series - Session #3,Pitney Bowes,pitneybowes.rallypointwebinars.com,/course/webinar.php?id=,2870,rpw.adobeconnect.com/,octmmss/
October Mail Management Seminar Series -- Session #3,Pitney Bowes,pitneybowes.rallypointwebinars.com,/course/webinar.php?id=,2870,rpw.adobeconnect.com/,octmmss3
Vote-by-mail best practices,Pitney Bowes,pitneybowes.rallypointwebinars.com,/course/webinar.php?id=,2890,rpw.adobeconnect.com/,pitneybowes-12-02-15
Vote-By-Mail Best Practices,Pitney Bowes,pitneybowes.rallypointwebinars.com,/course/webinar.php?id=,2890,rpw.adobeconnect.com/,pitneybowes12022015/
Business-Savvy Project Leaders,PM College,pmcollege.rallypointwebinars.com,/course/webinar.php?id=,1001,rpw.adobeconnect.com/,pm-10-12r
What Your Project Managers Need to Know,PM College,pmcollege.rallypointwebinars.com,/course/webinar.php?id=,2857,rpw.adobeconnect.com/,pmcollege-june-2015/
Skills that Drive High-Performing Organizations,PM College,pmcollege.rallypointwebinars.com,/course/webinar.php?id=,2857,rpw.adobeconnect.com/,pmcollegerecording-061815/
The State of the PMO 2012,PM Events,pmsolutions.rallypointwebinars.com,/course/webinar.php?id=,461,rpw.adobeconnect.com/,pm-3-12r
The State of PPM 2013,PM Events,pmsolutions.rallypointwebinars.com,/course/webinar.php?id=,1952,rpw.adobeconnect.com/,pm-may-2013rec
PM Solutions March 2014,PM Events,pmsolutions.rallypointwebinars.com,/course/webinar.php?id=,2780,rpw.adobeconnect.com/,pm-mar-2014
The Disruptive PMO: Change Innovate and Lead April 3,PM Events,pmsolutions.rallypointwebinars.com,/course/webinar.php?id=,2780,rpw.adobeconnect.com/,pmsolutionspmo
The State of the PMO 2014,PM Events,pmsolutions.rallypointwebinars.com,/course/webinar.php?id=,2799,rpw.adobeconnect.com/,pm-solutions-june-2014
The State of the PMO 2014,PM Events,pmsolutions.rallypointwebinars.com,/course/webinar.php?id=,2799,rpw.adobeconnect.com/,pmo2014
SMECO’s Story - How to Optimize Assets,PowerPlan,powerplan.rallypointwebinars.com,/course/webinar.php?id=,2492,rpw.adobeconnect.com/,pwrplansmeco
How to Optimize Assets for Your Municipality or Cooperative,PowerPlan,powerplan.rallypointwebinars.com,/course/webinar.php?id=,2492,rpw.adobeconnect.com/,pwrplan1016
How to Maximize PowerPlan for Your FERC Filing,PowerPlan,powerplan.rallypointwebinars.com,/course/webinar.php?id=,2766,rpw.adobeconnect.com/,pwrplan129
How to Maximize PowerPlan for Your FERC Filing,PowerPlan,powerplan.rallypointwebinars.com,/course/webinar.php?id=,2766,rpw.adobeconnect.com/,pwrplanferc
Tax Repairs Best Practices,PowerPlan,powerplan.rallypointwebinars.com,/course/webinar.php?id=,2772,rpw.adobeconnect.com/,pwrplan218
Tax Repairs Best Practices,PowerPlan,powerplan.rallypointwebinars.com,/course/webinar.php?id=,2772,rpw.adobeconnect.com/,taxrepairs
Helpful Hints for Preparing for your Tax Return,PowerPlan,powerplan.rallypointwebinars.com,/course/webinar.php?id=,2779,rpw.adobeconnect.com/,pwrplan226
"Helpful Hints for Preparing for Your Tax Return, 2-26-14",PowerPlan,powerplan.rallypointwebinars.com,/course/webinar.php?id=,2779,rpw.adobeconnect.com/,taxhints
How Missed Retirements Affect Your Financials,PowerPlan,powerplan.rallypointwebinars.com,/course/webinar.php?id=,2783,rpw.adobeconnect.com/,pwrplan319
How Missed Retirements Affect Your Financials,PowerPlan,powerplan.rallypointwebinars.com,/course/webinar.php?id=,2783,rpw.adobeconnect.com/,missedfinancials
Five Best Practices for a Successful Month-End Close,PowerPlan,powerplan.rallypointwebinars.com,/course/webinar.php?id=,2785,rpw.adobeconnect.com/,pwrplan325
Successful Month-End Close,PowerPlan,powerplan.rallypointwebinars.com,/course/webinar.php?id=,2785,rpw.adobeconnect.com/,monthendclose1
How to Enhance the Value from Your PowerPlan Solution,PowerPlan,powerplan.rallypointwebinars.com,/course/webinar.php?id=,2800,rpw.adobeconnect.com/,pwrplan514
How to Enhance the Value from Your PowerPlan,PowerPlan,powerplan.rallypointwebinars.com,/course/webinar.php?id=,2800,rpw.adobeconnect.com/,may14pwrpln
Addressing Data Management Challenges for MLPs,PowerPlan,powerplan.rallypointwebinars.com,/course/webinar.php?id=,2801,rpw.adobeconnect.com/,pwrplan528
Addressing Data Management Challenges for MLPs,PowerPlan,powerplan.rallypointwebinars.com,/course/webinar.php?id=,2801,rpw.adobeconnect.com/,ppmay28webinar
Storm Recovery and Extraordinary Events,PowerPlan,powerplan.rallypointwebinars.com,/course/webinar.php?id=,2862,rpw.adobeconnect.com/,powerplan_storm/
EAM Integration: Helpful Hints on the Work Order Lifecycle,PowerPlan,powerplan.rallypointwebinars.com,/course/webinar.php?id=,2886,rpw.adobeconnect.com/,pwrplan-10-14-15
EAM Integration: Helpful Hints,PowerPlan,powerplan.rallypointwebinars.com,/course/webinar.php?id=,2886,rpw.adobeconnect.com/,powerplan102215
How to Prepare for the Lease Accounting Standard Changes,PowerPlan,powerplan.rallypointwebinars.com,/course/webinar.php?id=,2895,rpw.adobeconnect.com/,pwrplan-12-08-15
Preparing for Lease Accounting Standard Changes,PowerPlan,powerplan.rallypointwebinars.com,/course/webinar.php?id=,2895,rpw.adobeconnect.com/,powerplan12082015/
3 Tax Strategies Dentists Use to Maximize Income,Procore,procore.rallypointwebinars.com,/course/webinar.php?id=,391,rpw.adobeconnect.com/,pccpa312r
Tax Strategies That Will Improve Your Take-Home Income,Procore,procore.rallypointwebinars.com,/course/webinar.php?id=,931,rpw.adobeconnect.com/,procore-5-12r
Prologic: Building Momentum,Prologic,prologic.rallypointwebinars.com,/course/webinar.php?id=,831,rpw.adobeconnect.com/,prologic-q3-2012r
Prologic Virtual User Conference - Q2 2012,Prologic,prologic.rallypointwebinars.com,/course/webinar.php?id=,861,rpw.adobeconnect.com/,prologic-q2-2012r/
Prologic: Setting the Record Straight,Prologic,prologic.rallypointwebinars.com,/course/webinar.php?id=,1432,rpw.adobeconnect.com/,prologic-q4-2012r
Prologic: Vision for 2013,Prologic,prologic.rallypointwebinars.com,/course/webinar.php?id=,1742,rpw.adobeconnect.com/,prologic-q1-2013r
Prologic: Focus on Customers,Prologic,prologic.rallypointwebinars.com,/course/webinar.php?id=,1992,rpw.adobeconnect.com/,prologic-q2-2013r
Prologic: Focus on the Roadmap,Prologic,prologic.rallypointwebinars.com,/course/webinar.php?id=,2302,rpw.adobeconnect.com/,roadmap
Prologic: Delivery Success,Prologic,prologic.rallypointwebinars.com,/course/webinar.php?id=,2562,rpw.adobeconnect.com/,prologicq42013
Prologic Virtual User Conference - Q1 2014,Prologic,prologic.rallypointwebinars.com,/course/webinar.php?id=,2781,rpw.adobeconnect.com/,prologic-q1-2014
Prologic 2.0 The Future is Now,Prologic,prologic.rallypointwebinars.com,/course/webinar.php?id=,2781,rpw.adobeconnect.com/,/prologic2014q1
Prologic July 2014 On-Demand Virtual User Conference,Prologic,prologic.rallypointwebinars.com,/course/webinar.php?id=,2807,rpw.adobeconnect.com/,p8vf3lpla0b
Prologic Virtual User Conference September 2014,Prologic,prologic.rallypointwebinars.com,/course/webinar.php?id=,2811,rpw.adobeconnect.com/,prologic-q3-2014
Q3 Prologic Update,Prologic,prologic.rallypointwebinars.com,/course/webinar.php?id=,2811,rpw.adobeconnect.com/,q314prologic
Prologic Virtual User Conference March 2015,Prologic,prologic.rallypointwebinars.com,/course/webinar.php?id=,2841,rpw.adobeconnect.com/,prologic-q1-2015
Q1 2015 Prologic Update,Prologic,prologic.rallypointwebinars.com,/course/webinar.php?id=,2841,rpw.adobeconnect.com/,Q12015prologicupdate
Prologic Q3 2015 VUC,Prologic,prologic.rallypointwebinars.com,/course/webinar.php?id=,2856,rpw.adobeconnect.com/,prologic-q3-2015
Prologic Q3 Update,Prologic,prologic.rallypointwebinars.com,/course/webinar.php?id=,2856,rpw.adobeconnect.com/,prologic090815/
PurchasingNet Virtual User Conference,Purchasingnet,purchasingnet.rallypointwebinars.com,/course/webinar.php?id=,208,rpw.adobeconnect.com/,pnet-q3-2011r/
PurchasingNet Virtual User Conference - Q4 2011,Purchasingnet,purchasingnet.rallypointwebinars.com,/course/webinar.php?id=,238,rpw.adobeconnect.com/,pnet-q4-2011r/
PurchasingNet Virtual User Conference - Q1 2012,Purchasingnet,purchasingnet.rallypointwebinars.com,/course/webinar.php?id=,421,rpw.adobeconnect.com/,pnet-q1-2012r/
PurchasingNet: Version 10 Is Here!,Purchasingnet,purchasingnet.rallypointwebinars.com,/course/webinar.php?id=,1011,rpw.adobeconnect.com/,pnet-q2-2012r
PurchasingNet: Delivering Results,Purchasingnet,purchasingnet.rallypointwebinars.com,/course/webinar.php?id=,1572,rpw.adobeconnect.com/,pnet-q4-2012r
PurchasingNet: Actions Speak Louder,Purchasingnet,purchasingnet.rallypointwebinars.com,/course/webinar.php?id=,1792,rpw.adobeconnect.com/,pnet-q1-2013r
PurchasingNet: Building Momentum,Purchasingnet,purchasingnet.rallypointwebinars.com,/course/webinar.php?id=,2102,rpw.adobeconnect.com/,pnet-q2-2013r
PurchasingNet: Full Speed Ahead,Purchasingnet,purchasingnet.rallypointwebinars.com,/course/webinar.php?id=,2452,rpw.adobeconnect.com/,purchasingnetq4
What Planet Are You On?,Rally Point Webinars,events.rallypointwebinars.com,/course/webinar.php?id=,15,rpw.adobeconnect.com/,b2cb2b
How to Effectively Sell with Webinars,Rally Point Webinars,events.rallypointwebinars.com,/course/webinar.php?id=,531,rpw.adobeconnect.com/,rpw-3-12r
How to Make Webinars Your #1 Lead Generation Method,Rally Point Webinars,events.rallypointwebinars.com,/course/webinar.php?id=,891,rpw.adobeconnect.com/,rpw-5-12r
"The 6 Essential, Time-Sensitive Elements of a Webinar",Rally Point Webinars,events.rallypointwebinars.com,/course/webinar.php?id=,1161,rpw.adobeconnect.com/,rpw-7-12r
How to Run Webinars that Accomplish Your Goals,Rally Point Webinars,events.rallypointwebinars.com,/course/webinar.php?id=,1361,rpw.adobeconnect.com/,rpw-9-12r
testing,Rally Point Webinars,events.rallypointwebinars.com,/course/webinar.php?id=,1712,rpw.adobeconnect.com/,testing
Webinar: Making Webinars Your #1 Lead Generation Method,Rally Point Webinars,events.rallypointwebinars.com,/course/webinar.php?id=,1872,rpw.adobeconnect.com/,rpw-march-2013rec
Three 30 Minute Summer Webinar Experiments,Rally Point Webinars,events.rallypointwebinars.com,/course/webinar.php?id=,2132,rpw.adobeconnect.com/,rpw-may-2013r
Why Most Content Campaigns Fail (And What To Do About It),Rally Point Webinars,events.rallypointwebinars.com,/course/webinar.php?id=,2212,rpw.adobeconnect.com/,rpw-july-2013r
Look at Your Data: The Real Numbers Behind Winning Webinars,Rally Point Webinars,events.rallypointwebinars.com,/course/webinar.php?id=,2592,rpw.adobeconnect.com/,rpwnov13
7 Keys to Running a Glitch-Free Webinar,Rally Point Webinars,events.rallypointwebinars.com,/course/webinar.php?id=,2778,rpw.adobeconnect.com/,rpw-feb-12
7 Keys to Running a Glitch-Free Webinar,Rally Point Webinars,events.rallypointwebinars.com,/course/webinar.php?id=,2778,rpw.adobeconnect.com/,glitchfreewebinars
Keys to Running a Glitch-Free Webinar,Rally Point Webinars,events.rallypointwebinars.com,/course/webinar.php?id=,2778,rpw.adobeconnect.com/,glitchfreewebinar
Your #1 Lead Generation Method,Rally Point Webinars,events.rallypointwebinars.com,/course/webinar.php?id=,2818,rpw.adobeconnect.com/,rpw-oct-2014
How to Make Webinars Your #1 Lead Gen Method,Rally Point Webinars,events.rallypointwebinars.com,/course/webinar.php?id=,2818,rpw.adobeconnect.com/,webinarsforleadgen
Webinars for Pitney Bowes,Rally Point Webinars,events.rallypointwebinars.com,/course/webinar.php?id=,2839,rpw.adobeconnect.com/,pb2015
Ravenflow Virtual User Conference - Q3 2011,RavenFlow,ravenflow.rallypointwebinars.com,/course/webinar.php?id=,201,rpw.adobeconnect.com/,ravenflow-q3-2011r
Ravenflow Virtual User Conference - Q2 2012,RavenFlow,ravenflow.rallypointwebinars.com,/course/webinar.php?id=,571,rpw.adobeconnect.com/,p53aq1kx88r
Right90 Virtual User Conference - Q3 2011,Right90,right90.rallypointwebinars.com,/course/webinar.php?id=,209,rpw.adobeconnect.com/,right90-q3-2011r/
Right90 Virtual User Conference - Q1 2012,Right90,right90.rallypointwebinars.com,/course/webinar.php?id=,431,rpw.adobeconnect.com/,right90-q1-2012r/
Right90: The Momentum Continues,Right90,right90.rallypointwebinars.com,/course/webinar.php?id=,1091,rpw.adobeconnect.com/,right90-q3-2012r
Right90: Standing Strong - December 2012,Right90,right90.rallypointwebinars.com,/course/webinar.php?id=,1331,rpw.adobeconnect.com/,right90-q4-2012r
Right90: Vision for 2013,Right90,right90.rallypointwebinars.com,/course/webinar.php?id=,1772,rpw.adobeconnect.com/,right90-q1-2013r
Right90: Inspect What You Expect,Right90,right90.rallypointwebinars.com,/course/webinar.php?id=,2112,rpw.adobeconnect.com/,right90-q2-2013r
Right90: Important Customer Briefing,Right90,right90.rallypointwebinars.com,/course/webinar.php?id=,2482,rpw.adobeconnect.com/,right90q4
webMethods 9.01 Upgrade,SAG,sag.rallypointwebinars.com,/course/webinar.php?id=,2702,rpw.adobeconnect.com/,sag-mar-27
webMethods 9.01 Upgrade,SAG,sag.rallypointwebinars.com,/course/webinar.php?id=,2702,rpw.adobeconnect.com/,wm9upgrd
Steps to a Successful IT Portfolio Management Program,SAG,sag.rallypointwebinars.com,/course/webinar.php?id=,2788,rpw.adobeconnect.com/,sag-apr-22
Steps to a Successful IT Portfolio Management Program,SAG,sag.rallypointwebinars.com,/course/webinar.php?id=,2788,rpw.adobeconnect.com/,swag042214hcg
How to Manage Receivables for the Triple Win,SAG,sag.rallypointwebinars.com,/course/webinar.php?id=,2795,rpw.adobeconnect.com/,sag-may-21
Enabling the Process-Centric Enterprise,SAG,sag.rallypointwebinars.com,/course/webinar.php?id=,2805,rpw.adobeconnect.com/,swag-august-7
Enabling the Process-Centric Enterprise w/ Techlogix,SAG,sag.rallypointwebinars.com,/course/webinar.php?id=,2805,rpw.adobeconnect.com/,techlogix
Big Machine Data & IoT Analytics,SAG,sag.rallypointwebinars.com,/course/webinar.php?id=,2812,rpw.adobeconnect.com/,swag-sept-10
Big Machine Data & IoT Analytics,SAG,sag.rallypointwebinars.com,/course/webinar.php?id=,2812,rpw.adobeconnect.com/,iot
Best Practices in Electronic Invoicing,SAG,sag.rallypointwebinars.com,/course/webinar.php?id=,2829,rpw.adobeconnect.com/,swag-dec-4
Best Practices in Electronic Invoicing,SAG,sag.rallypointwebinars.com,/course/webinar.php?id=,2829,rpw.adobeconnect.com/,swagei
Big Machine Data & IoT Analytics,SAG,sag.rallypointwebinars.com,/course/webinar.php?id=,2831,rpw.adobeconnect.com/,iot
Learn Your Options for Partnership,SAG,sag.rallypointwebinars.com,/course/webinar.php?id=,2847,rpw.adobeconnect.com/,sag-march-26
Optimize Business Processes – Transform Customer Experience,SAG,sag.rallypointwebinars.com,/course/webinar.php?id=,2876,rpw.adobeconnect.com/,sagds-10-29-15/
Optimize Your Business Processes With Digital Symplexity,SAG,sag.rallypointwebinars.com,/course/webinar.php?id=,2876,rpw.adobeconnect.com/,sag111815/
Maximize the Value of Apama with Predictive Analytics,SAG,sag.rallypointwebinars.com,/course/webinar.php?id=,2880,rpw.adobeconnect.com/,sag-10-28-15
Maximize the Value of Apama with Predictive Analytics,SAG,sag.rallypointwebinars.com,/course/webinar.php?id=,2880,rpw.adobeconnect.com/,sag102815/
Keys to Success for Your ARIS for SAP Project,SAG,sag.rallypointwebinars.com,/course/webinar.php?id=,2882,rpw.adobeconnect.com/,sag-10-29-15/
Keys to Success for Your ARIS for SAP Project,SAG,sag.rallypointwebinars.com,/course/webinar.php?id=,2882,rpw.adobeconnect.com/,sag102915/
How to Implement a Sustainable Application Portfolio Management Program,SAG,sag.rallypointwebinars.com,/course/webinar.php?id=,2887,rpw.adobeconnect.com/,sag-11-10-15
Sustainable Application Portfolio Management Program,SAG,sag.rallypointwebinars.com,/course/webinar.php?id=,2887,rpw.adobeconnect.com/,sag111015/
Driving Quality and Continuous Testing with webMethods,SAG,sag.rallypointwebinars.com,/course/webinar.php?id=,2891,rpw.adobeconnect.com/,sag-11-12-15
Driving Quality & Continuous Testing with webMethods,SAG,sag.rallypointwebinars.com,/course/webinar.php?id=,2891,rpw.adobeconnect.com/,sag111215/
"webMethods Upgrade: Tips, Tricks, and Pitfalls",SAG,sag.rallypointwebinars.com,/course/webinar.php?id=,2893,rpw.adobeconnect.com/,sag-12-10-2015/
"webMethods Upgrade: Tips, Tricks & Pitfalls",SAG,sag.rallypointwebinars.com,/course/webinar.php?id=,2893,rpw.adobeconnect.com/,sag12102015/
SmartForm Design Quarto Trimestre – Aggiornamento Cliente ,SmartForm,smartform.rallypointwebinars.com,/course/webinar.php?id=,244,rpw.adobeconnect.com/,smartform2011r/
SmartForm Virtual User Conference - Q1 2012,SmartForm,smartform.rallypointwebinars.com,/course/webinar.php?id=,491,rpw.adobeconnect.com/,smartform-q1-2012r/
SmartForm Design Virtual User Conference - Q2 2012,SmartForm,smartform.rallypointwebinars.com,/course/webinar.php?id=,1041,rpw.adobeconnect.com/,smartform-q2-2012r
Smartform: Acquistando slancio!,SmartForm,smartform.rallypointwebinars.com,/course/webinar.php?id=,1321,rpw.adobeconnect.com/,smartform-q3-2012r
SmartForm: Forte in piedi,SmartForm,smartform.rallypointwebinars.com,/course/webinar.php?id=,1602,rpw.adobeconnect.com/,smartform-q4-2012r
BPM Master Class: First Steps to BPM Excellence,Software AG,softwareag.rallypointwebinars.com,/course/webinar.php?id=,1301,rpw.adobeconnect.com/,swag-10-12r
API Management Demystified,Software AG,softwareag.rallypointwebinars.com,/course/webinar.php?id=,1812,rpw.adobeconnect.com/,swag-feb-28r
Driving the Lean / Six Sigma Experience with Software,Software AG,softwareag.rallypointwebinars.com,/course/webinar.php?id=,1852,rpw.adobeconnect.com/,swag-march-13r
Software AG Live Opportunities for Partners,Software AG,softwareag.rallypointwebinars.com,/course/webinar.php?id=,2202,rpw.adobeconnect.com/,swag-july-15r
Why it's Critical to Combine Methodologies to Increase ROI,Software AG,softwareag.rallypointwebinars.com,/course/webinar.php?id=,2412,rpw.adobeconnect.com/,softwareag092013
Intelligent Business Processes,Software AG,softwareag.rallypointwebinars.com,/course/webinar.php?id=,2572,rpw.adobeconnect.com/,swagkemsley
How to Create an Agile Enterprise,Software AG,softwareag.rallypointwebinars.com,/course/webinar.php?id=,2612,rpw.adobeconnect.com/,softwareag112013
The 10 Undeniable Rules of Process Modeling,Software AG,softwareag.rallypointwebinars.com,/course/webinar.php?id=,2642,rpw.adobeconnect.com/,swagwalker
Mobile meets Mainframe,Software AG,softwareag.rallypointwebinars.com,/course/webinar.php?id=,2652,rpw.adobeconnect.com/,mobilemeetsmainframe
Mobile meets Mainframe,Software AG,softwareag.rallypointwebinars.com,/course/webinar.php?id=,2652,rpw.adobeconnect.com/,swag-dec-12
How to Make the Most of Your Free Webinar,Software AG,softwareag.rallypointwebinars.com,/course/webinar.php?id=,2672,rpw.adobeconnect.com/,swagpartnerweb
Business-IT Alignment For Process Applications,Software AG,softwareag.rallypointwebinars.com,/course/webinar.php?id=,2692,rpw.adobeconnect.com/,swagkemsley2
Growing the JP Morgan Chase Business,Software AG,softwareag.rallypointwebinars.com,/course/webinar.php?id=,2773,rpw.adobeconnect.com/,swag-march-5
Growing the Business through Intelligent Business Operations,Software AG,softwareag.rallypointwebinars.com,/course/webinar.php?id=,2773,rpw.adobeconnect.com/,growingwithibo
Intelligent Business Operations,Software AG,softwareag.rallypointwebinars.com,/course/webinar.php?id=,2791,rpw.adobeconnect.com/,swag-apr-24
How to Get More Value,Software AG,softwareag.rallypointwebinars.com,/course/webinar.php?id=,2802,rpw.adobeconnect.com/,swag-june-17
Boost Your SAP Solutions with Aris 9,Software AG,softwareag.rallypointwebinars.com,/course/webinar.php?id=,2802,rpw.adobeconnect.com/,p2celp44cok
Big IT Budget Meeting Tomorrow? Ask Alfabet Today,Software AG,softwareag.rallypointwebinars.com,/course/webinar.php?id=,2834,rpw.adobeconnect.com/,swag12215
Big IT Budget Meeting Tomorrow? Ask Alfabet Today,Software AG,softwareag.rallypointwebinars.com,/course/webinar.php?id=,2834,rpw.adobeconnect.com/,askalfabet
Big IT Budget Meeting Tomorrow? Ask Alfabet Today.,Software AG,softwareag.rallypointwebinars.com,/course/webinar.php?id=,2835,rpw.adobeconnect.com/,swag2315
Big IT Budget Meeting Tomorrow?? Ask Alfabet Today,Software AG,softwareag.rallypointwebinars.com,/course/webinar.php?id=,2835,rpw.adobeconnect.com/,alfabettoday
Integration Is the Key to Modernization,Software AG,softwareag.rallypointwebinars.com,/course/webinar.php?id=,2851,rpw.adobeconnect.com/,swag-april-2015
Integration Is the Key to Modernization,Software AG,softwareag.rallypointwebinars.com,/course/webinar.php?id=,2851,rpw.adobeconnect.com/,keytomodernization/
Big IT Budget Meeting Tomorrow? We Can Help Today!,Software AG,softwareag.rallypointwebinars.com,/course/webinar.php?id=,2854,rpw.adobeconnect.com/,bigitmeeting-060915/
Big IT Budget Meeting Tomorrow? We Can Help Today!,Software AG,softwareag.rallypointwebinars.com,/course/webinar.php?id=,2854,rpw.adobeconnect.com/,sagrecording-060915/
Software AG and Forrester Research,Software AG,softwareag.rallypointwebinars.com,/course/webinar.php?id=,2859,rpw.adobeconnect.com/,sagjune2015/
Unleash the Power of the Internet of Things,Software AG,softwareag.rallypointwebinars.com,/course/webinar.php?id=,2859,rpw.adobeconnect.com/,sagrecording-061615/
See How Location Analytics Improves Satisfaction and Sales,Software AG,softwareag.rallypointwebinars.com,/course/webinar.php?id=,2863,rpw.adobeconnect.com/,sag-june-30-15/
Take Action with Location Analytics,Software AG,softwareag.rallypointwebinars.com,/course/webinar.php?id=,2863,rpw.adobeconnect.com/,sag063015/
Loss of a Loved One—Legal Rights Live on After Death,Sokolove,sokolove.rallypointwebinars.com,/course/webinar.php?id=,2682,rpw.adobeconnect.com/,sokolove-jan-2014
Loss of a Loved One—Legal Rights Live on After Death,Sokolove,sokolove.rallypointwebinars.com,/course/webinar.php?id=,2682,rpw.adobeconnect.com/,losslovedone
Loss of a Loved One—Legal Rights Live on After Death,Sokolove,sokolove.rallypointwebinars.com,/course/webinar.php?id=,2774,rpw.adobeconnect.com/,losslovedone
Loss of a Loved One Legal Rights Live on After Death,Sokolove,sokolove.rallypointwebinars.com,/course/webinar.php?id=,2774,rpw.adobeconnect.com/,losslovedonerec
How To Adapt Marketing to the Morphing Consumer Funnel,SourceLink,sourcelink.rallypointwebinars.com,/course/webinar.php?id=,341,rpw.adobeconnect.com/,slfeb12r
"A Masterful Way to Create a New Mail Control, Fast!",SourceLink,sourcelink.rallypointwebinars.com,/course/webinar.php?id=,351,rpw.adobeconnect.com/,slmarch12r
REV Product Demo,SourceLink,sourcelink.rallypointwebinars.com,/course/webinar.php?id=,791,rpw.adobeconnect.com/,sl-5-12r
Proven Strategies in Mortgage Refinance Lending,SourceLink,sourcelink.rallypointwebinars.com,/course/webinar.php?id=,1141,rpw.adobeconnect.com/,sl-7-12r
Understanding Big Data…,SourceLink,sourcelink.rallypointwebinars.com,/course/webinar.php?id=,1221,rpw.adobeconnect.com/,sl-8-12r
Customer Obsession in the Age of the Customer,SourceLink,sourcelink.rallypointwebinars.com,/course/webinar.php?id=,1341,rpw.adobeconnect.com/,sl-10-12r
Understanding and Mapping the Customer Journey,SourceLink,sourcelink.rallypointwebinars.com,/course/webinar.php?id=,2868,rpw.adobeconnect.com/,sourcelink-09-15-15/
Five Steps to Understanding and Mapping the Customer Journey,SourceLink,sourcelink.rallypointwebinars.com,/course/webinar.php?id=,2868,rpw.adobeconnect.com/,sourcelink091515/
Retail Banking - 2015 Research and Trends,SourceLink,sourcelink.rallypointwebinars.com,/course/webinar.php?id=,2878,rpw.adobeconnect.com/,sourcelink-10-21-15/
Retail Banking – 2015 Research and Trends,SourceLink,sourcelink.rallypointwebinars.com,/course/webinar.php?id=,2878,rpw.adobeconnect.com/,sourcelink102115
Emerging Direct Marketing Methodologies,SourceLink,sourcelink.rallypointwebinars.com,/course/webinar.php?id=,2888,rpw.adobeconnect.com/,sourcelink-11-11-15
Emerging Direct Marketing Methodologies,SourceLink,sourcelink.rallypointwebinars.com,/course/webinar.php?id=,2888,rpw.adobeconnect.com/,sourcelink111115/
StillSecure: The Path Ahead,Still Secure,http://stillsecure.rallypointwebinars.com/,/course/webinar.php?id=,2432,rpw.adobeconnect.com/,stillsecureahead
StillSecure: Building Momentum,Still Secure,http://stillsecure.rallypointwebinars.com/,/course/webinar.php?id=,2582,rpw.adobeconnect.com/,stillsecuremomentum
StillSecure Virtual User Conference Q2 2014,Still Secure,http://stillsecure.rallypointwebinars.com/,/course/webinar.php?id=,2794,rpw.adobeconnect.com/,stillsecure-q2-2014
StillSecure: Driving Success through Focus,Still Secure,http://stillsecure.rallypointwebinars.com/,/course/webinar.php?id=,2794,rpw.adobeconnect.com/,stillsecurefocus
Tenfold Virtual User Conference - Q4 2011,Tenfold,tenfold.rallypointwebinars.com,/course/webinar.php?id=,212,rpw.adobeconnect.com/,tenfold-q4-2011r/
Tenfold Virtual User Conference - Q1 2012,Tenfold,tenfold.rallypointwebinars.com,/course/webinar.php?id=,249,rpw.adobeconnect.com/,tenfold-q1-2012r/
Tenfold Virtual User Conference - Q2 2012,Tenfold,tenfold.rallypointwebinars.com,/course/webinar.php?id=,841,rpw.adobeconnect.com/,tenfold-q2-2012r/
Think3 Japan Q2 v4,Think3,think3.rallypointwebinars.com,/course/webinar.php?id=,175,rpw.adobeconnect.com/,t3jq2v4
Think3 Virtual User Conference - Q4 2011,Think3,think3.rallypointwebinars.com,/course/webinar.php?id=,243,rpw.adobeconnect.com/,think3-q4-2011r
Think3 Virtual User Conference - Q1 2012,Think3,think3.rallypointwebinars.com,/course/webinar.php?id=,481,rpw.adobeconnect.com/,think3-q1-2012r
Think3 Virtual User Conference - Q2 2012,Think3,think3.rallypointwebinars.com,/course/webinar.php?id=,1031,rpw.adobeconnect.com/,think3-q2-2012r/
think3: Building Momentum,Think3,think3.rallypointwebinars.com,/course/webinar.php?id=,1291,rpw.adobeconnect.com/,think3-q3-2012r
think3: Standing Strong,Think3,think3.rallypointwebinars.com,/course/webinar.php?id=,1592,rpw.adobeconnect.com/,think3-q4-2012r
TriActive Virtual User Conference - Q3 2011,TriActive,triactive.rallypointwebinars.com,/course/webinar.php?id=,180,rpw.adobeconnect.com/,triactive-q3-2011r
TriActive Virtual User Conference - Q4 2011,TriActive,triactive.rallypointwebinars.com,/course/webinar.php?id=,210,rpw.adobeconnect.com/,triactive-q4-2011r/
TriActive Virtual User Conference - Q1 2012,TriActive,triactive.rallypointwebinars.com,/course/webinar.php?id=,258,rpw.adobeconnect.com/,triactive-q1-2012r/
TriActive Virtual User Conference - Q2 2012,TriActive,triactive.rallypointwebinars.com,/course/webinar.php?id=,581,rpw.adobeconnect.com/,triactive-q2-2012r/
TriActive Virtual User Conference - Q3 2012,TriActive,triactive.rallypointwebinars.com,/course/webinar.php?id=,1181,rpw.adobeconnect.com/,triactive-q3-2012r
TriActive Virtual User Conference - Q1 2013,TriActive,triactive.rallypointwebinars.com,/course/webinar.php?id=,1692,rpw.adobeconnect.com/,triactive-q1-2013r
"TriActive: Product, Partnership and Service News",TriActive,triactive.rallypointwebinars.com,/course/webinar.php?id=,2262,rpw.adobeconnect.com/,triactiveq32013
TriActive Virtual User Conference - Q1 2014,TriActive,triactive.rallypointwebinars.com,/course/webinar.php?id=,2776,rpw.adobeconnect.com/,triactive-q1-2014
Essential Tips for Choosing Civilian Education,Trident,trident.rallypointwebinars.com,/course/webinar.php?id=,381,rpw.adobeconnect.com/,trident314r
Trilogy DCM Virtual User Conference January 2013,Trilogy Financial Services,trident.rallypointwebinars.com,/course/webinar.php?id=,921,rpw.adobeconnect.com/,trilogy-jan-2013re
Versata BRMS Demo 2010,Versata,versata.rallypointwebinars.com,/course/webinar.php?id=,181,rpw.adobeconnect.com/,versata-demo-2011r
Versata Virtual User Conference - Q4 2011,Versata,versata.rallypointwebinars.com,/course/webinar.php?id=,213,rpw.adobeconnect.com/,versata-q4-2011r/
Versata BRMS Virtual User Conference - Q1 2012,Versata,versata.rallypointwebinars.com,/course/webinar.php?id=,248,rpw.adobeconnect.com/,versata-q1-2012r
Welcome to Versata CPQ!,Versata CPQ,versatacpq.rallypointwebinars.com,/course/webinar.php?id=,1381,rpw.adobeconnect.com/,cpq-q3-2012r
Finding Your Plan for Success!,Versata CPQ,versatacpq.rallypointwebinars.com,/course/webinar.php?id=,1552,rpw.adobeconnect.com/,cpq-q4-2012r
Versata: All Aboard!,Versata CPQ,versatacpq.rallypointwebinars.com,/course/webinar.php?id=,1802,rpw.adobeconnect.com/,cpq-q1-2013r
Versata: Important Customer Briefing,Versata CPQ,versatacpq.rallypointwebinars.com,/course/webinar.php?id=,2322,rpw.adobeconnect.com/,VersataCPQ2013Q3